{
  "_format": "hh-sol-cache-2",
  "files": {
    "D:\\pacmon-game-complete\\pacmon-game\\contracts\\Lock.sol": {
      "lastModificationDate": 1753182267674,
      "contentHash": "ba914e7a4fdf61e278ac86d7be240d67",
      "sourceName": "contracts/Lock.sol",
      "solcConfig": {
        "version": "0.8.19",
        "settings": {
          "optimizer": {
            "enabled": false,
            "runs": 200
          },
          "outputSelection": {
            "*": {
              "*": [
                "abi",
                "evm.bytecode",
                "evm.deployedBytecode",
                "evm.methodIdentifiers",
                "metadata"
              ],
              "": [
                "ast"
              ]
            }
          }
        }
      },
      "imports": [],
      "versionPragmas": [
        "^0.8.19"
      ],
      "artifacts": [
        "Lock"
      ]
    },
    "D:\\pacmon-game-complete\\pacmon-game\\contracts\\PacmanLeaderboard.sol": {
      "lastModificationDate": 1753147317587,
      "contentHash": "2453edabd0f5123d9d753390c390f6f7",
      "sourceName": "contracts/PacmanLeaderboard.sol",
      "solcConfig": {
        "version": "0.8.19",
        "settings": {
          "optimizer": {
            "enabled": false,
            "runs": 200
          },
          "outputSelection": {
            "*": {
              "*": [
                "abi",
                "evm.bytecode",
                "evm.deployedBytecode",
                "evm.methodIdentifiers",
                "metadata"
              ],
              "": [
                "ast"
              ]
            }
          }
        }
      },
      "imports": [],
      "versionPragmas": [
        "^0.8.19"
      ],
      "artifacts": [
        "PacmanLeaderboard"
      ]
    }
  }
}
